ID,Activity,Category,Time of Day,Duration,Difficulty,Benefit,Attribute,Role Model
90,"After any setback, ask 'What can I learn from this?' and 'How can I use this to get stronger?'","Questioning & Inquiry","Anytime","5-10 minutes","Easy","Turns setbacks into comebacks and eventually achieves goals despite obstacles","Resiliently Bouncing","Winston Churchill"
29,"Always ask 'How can I make this work better AND look more beautiful?'","Questioning & Inquiry","Work Hours","5-10 minutes","Easy","Creates solutions that are both highly effective and emotionally satisfying","Beautifully Functional","Leonardo da Vinci"
31,"Ask 'Can I actually control this?' and only spend energy on things where the answer is yes","Questioning & Inquiry","Evening","5-10 minutes","Easy","Reduces stress and frustration by putting effort where it can actually make a difference","Wisely Accepting","Marcus Aurelius"
101,"Ask 'How can I show love to this person?' even when they're difficult or unkind","Questioning & Inquiry","Anytime","5-10 minutes","Easy","Creates deep healing and transformation in relationships by removing conditions and barriers","Unconditionally Loving","Jesus"
49,"Ask 'How can I use my abilities to help others grow?' in every role you have","Questioning & Inquiry","Anytime","5-10 minutes","Easy","Creates positive impact while earning respect and building a meaningful legacy","Humbly Serving","Nelson Mandela"
1,"Ask 'How can this be 10x better?' before calling anything finished","Questioning & Inquiry","Anytime","5-10 minutes","Easy","Creates products and experiences that truly delight people and stand out from the competition","Perfectionist","Steve Jobs"
64,"Ask 'How can we move forward together?' instead of 'How can I prove I'm right?'","Questioning & Inquiry","Anytime","5-10 minutes","Easy","Creates lasting solutions and better relationships by focusing on shared values and common ground","Unifyingly Healing","Abraham Lincoln"
5,"Ask 'How does this make someone feel?' and redesign until the feeling is magical","Questioning & Inquiry","Anytime","5-10 minutes","Easy","Creates products that are not just functional but emotionally meaningful and delightful","Design-Obsessed","Steve Jobs"
26,"Ask 'How does this work?' and 'What if I tried this differently?' about everyday things","Questioning & Inquiry","Evening","5-10 minutes","Easy","Discovers connections and innovations that others miss by investigating everything deeply","Endlessly Curious","Leonardo da Vinci"
34,"Ask 'How will this affect other people?' and 'What serves the greater good?'","Questioning & Inquiry","Mealtime","5-10 minutes","Easy","Creates positive impact and earns respect by considering the bigger picture","Dutifully Serving","Marcus Aurelius"
20,"Ask 'How will this help or hurt humanity?' before making important decisions","Questioning & Inquiry","Anytime","5-10 minutes","Easy","Creates positive impact by considering the bigger picture and moral implications","Humanely Responsible","Albert Einstein"
23,"Ask 'Is this moving my mission forward?' rather than 'Will this get me recognition?'","Questioning & Inquiry","Anytime","5-10 minutes","Easy","Stays motivated by internal satisfaction rather than external validation or competition","Humbly Dedicated","Marie Curie"
57,"Ask 'What can I learn from this?' and 'How can this experience help someone else?'","Questioning & Inquiry","Anytime","5-10 minutes","Easy","Recovers from difficulties stronger than before while inspiring others to do the same","Gracefully Resilient","Maya Angelou"
61,"Ask 'What do I believe is truly right?' and act on it even when others disagree","Questioning & Inquiry","Anytime","5-10 minutes","Easy","Builds respect and creates positive change by demonstrating that principles matter more than convenience","Courageously Principled","Abraham Lincoln"
41,"Ask 'What do I know is right?' and act on it despite criticism or doubt from others","Questioning & Inquiry","Anytime","5-10 minutes","Easy","Accomplishes things others think impossible by staying true to inner convictions","Courageously Faithful","Joan of Arc"
55,"Ask 'What do I really believe is right?' and act on it regardless of social pressure","Questioning & Inquiry","Anytime","5-10 minutes","Easy","Lives with integrity and self-respect while inspiring others to be more authentic","Courageously Authentic","Socrates"
8,"Ask 'What evidence supports this?' and test ideas through systematic observation","Questioning & Inquiry","Anytime","5-10 minutes","Advanced","Makes decisions based on solid facts rather than opinions or wishful thinking","Evidence-Based","Isaac Newton"
28,"Ask 'What if I combined this idea with something from a completely different area?'","Questioning & Inquiry","Anytime","5-10 minutes","Easy","Creates breakthrough innovations by mixing knowledge from different fields","Creatively Connecting","Leonardo da Vinci"
18,"Ask 'What if the opposite were true?' and think through problems from scratch","Questioning & Inquiry","Anytime","5-10 minutes","Easy","Finds truth and solutions that others miss by not following the crowd","Independently Thinking","Albert Einstein"
65,"Ask 'What needs to be done?' and 'How can I do this with the least harm to good people?'","Questioning & Inquiry","Anytime","5-10 minutes","Easy","Earns respect and creates better outcomes by combining firmness with genuine care for others","Compassionately Strong","Abraham Lincoln"
12,"Ask 'What pain might be causing this person to act this way?' before responding","Questioning & Inquiry","Anytime","5-10 minutes","Easy","Builds better relationships and reduces conflict by seeing the human side of every situation","Compassionately Wise","Buddha"
53,"Ask 'What would a person of good character do?' and follow through even when it's hard","Questioning & Inquiry","Anytime","5-10 minutes","Easy","Builds strong character and self-respect while creating positive impact on others","Virtuously Principled","Socrates"
4,"Ask 'What would happen if we tried to make this 10x better?' and actually try it","Questioning & Inquiry","Anytime","5-10 minutes","Easy","Inspires teams to create their greatest work and reach new levels of excellence","Demanding","Steve Jobs"
47,"Ask 'What would healing look like?' instead of 'How can I get them back?'","Questioning & Inquiry","Anytime","5-10 minutes","Easy","Heals relationships and creates lasting solutions instead of ongoing cycles of conflict","Reconcilingly Forgiving","Nelson Mandela"
3,"Ask 'What would the perfect solution look like?' and work backwards","Questioning & Inquiry","Work Hours","5-10 minutes","Easy","Creates revolutionary breakthroughs instead of just incremental improvements","Visionary","Steve Jobs"
54,"Ask genuine questions to understand others' perspectives before sharing your own views","Questioning & Inquiry","Anytime","5-10 minutes","Easy","Learns from others and builds better relationships through genuine understanding","Dialogically Connecting","Socrates"
77,"Ask yourself 'How can I use my abilities to help someone who needs it?' and take action regularly","Questioning & Inquiry","Anytime","5-10 minutes","Easy","Creates meaning and purpose while making a positive difference in the world","Compassionately Serving","Eleanor Roosevelt"
104,"Before addressing problems, ask 'How can I say this in a way that shows I care about them?'","Questioning & Inquiry","Anytime","5-10 minutes","Easy","Helps people change and grow by combining truth with safety and encouragement","Truthfully Compassionate","Jesus"
108,"Before big decisions, ask 'What would be the most honest and ethical choice here?'","Questioning & Inquiry","Anytime","5-10 minutes","Easy","Builds strong character and inner peace by aligning actions with deeper values and principles","Ethically Grounded","Patanjali"
45,"Before big decisions, spend time in prayer, meditation, or quiet reflection to seek guidance","Decision Making","Evening","10-15 minutes","Easy","Makes better choices by connecting with deeper wisdom and purpose beyond just logical thinking","Spiritually Guided","Joan of Arc"
32,"Before deciding, ask 'What would a person of good character do in this situation?'","Questioning & Inquiry","Anytime","5-10 minutes","Easy","Builds strong character and self-respect while creating positive impact on others","Virtuously Guided","Marcus Aurelius"
68,"Before making important decisions, ask 'How will this affect my community?'","Questioning & Inquiry","Anytime","5-10 minutes","Easy","Creates stronger communities and movements by putting collective needs above personal interests","Community-Minded","Rosa Parks"
82,"Before speaking or acting, ask 'What is really true here?' and choose truth over comfort","Questioning & Inquiry","Anytime","5-10 minutes","Easy","Builds trust and credibility that becomes powerful for creating lasting change","Truth-Seeking","Mahatma Gandhi"
87,"Before speaking, ask 'What does everyone need to know?' and say it clearly, even if it's hard","Questioning & Inquiry","Anytime","5-10 minutes","Easy","Warns people about real dangers and rallies them to action when it really matters","Courageously Speaking","Winston Churchill"
58,"Before speaking, ask 'Will these words help or hurt?' and choose language that uplifts","Questioning & Inquiry","Anytime","5-10 minutes","Easy","Communicates more effectively and creates positive impact through thoughtful language","Eloquently Expressive","Maya Angelou"
37,"Before starting something new, ask 'How will this actually help me or others?'","Questioning & Inquiry","Morning","5-10 minutes","Easy","Builds valuable skills and creates solutions that make a real difference in people's lives","Practically Useful","Benjamin Franklin"
92,"Before using natural resources, ask 'How can I leave this better than I found it?'","Questioning & Inquiry","Anytime","5-10 minutes","Easy","Preserves beauty and resources for your children while connecting you to something bigger than yourself","Conserving Nature","Theodore Roosevelt"
21,"Break big goals into daily tasks and track progress in a dedicated notebook","Questioning & Inquiry","Work Hours","Ongoing","Easy","Achieves breakthrough results through consistent effort rather than depending on luck or talent alone","Systematically Persistent","Marie Curie"
36,"Choose 3-5 important habits and track them daily on a simple chart or app","Daily Practices","Anytime","Ongoing","Easy","Makes real progress on important goals instead of just hoping things will get better","Systematically Improving","Benjamin Franklin"
7,"Choose one important problem and think about it continuously until clarity emerges","Decision Making","Anytime","5-10 minutes","Easy","Achieves breakthroughs that require sustained mental effort and deep thinking","Deeply Focused","Isaac Newton"
107,"Choose one small practice (like 5 minutes of meditation) and do it every day at the same time","Daily Practices","Evening","3-5 minutes","Easy","Creates steady progress and transformation through consistent daily actions rather than hoping for quick fixes","Systematically Practicing","Patanjali"
40,"Choose one way to regularly contribute to your community or help solve problems bigger than yourself","Decision Making","Anytime","5-10 minutes","Easy","Creates positive impact while building relationships and a sense of meaningful purpose","Civically Contributing","Benjamin Franklin"
43,"Decide your core values ahead of time and stick to them even when it costs you something","Decision Making","Anytime","10-15 minutes","Easy","Earns deep respect and trust by being someone others can count on to do the right thing","Purely Principled","Joan of Arc"
109,"Do your best work, then accept whatever happens with grace and look for the lesson","Questioning & Inquiry","Work Hours","5-10 minutes","Easy","Reduces stress and suffering by finding peace regardless of whether things go according to plan","Wisely Detached","Patanjali"
13,"Do your best, then accept whatever happens with grace and learn from it","Questioning & Inquiry","Anytime","5-10 minutes","Easy","Stays emotionally balanced whether things go well or poorly","Peacefully Detached","Buddha"
22,"Focus on being undeniably excellent at your work while quietly breaking down barriers","Focus & Attention","Work Hours","5-10 minutes","Easy","Opens doors and changes minds by demonstrating capability rather than just arguing for rights","Barrier-Breaking Determined","Marie Curie"
75,"Focus on long-term progress and celebrate small victories while staying committed to your larger goals","Focus & Attention","Anytime","5-10 minutes","Easy","Achieves lasting change by maintaining long-term commitment rather than giving up when things get difficult","Strategically Persistent","Frederick Douglass"
48,"Focus on progress over perfection and celebrate small steps toward bigger goals","Focus & Attention","Anytime","5-10 minutes","Easy","Achieves lasting change by building strong foundations rather than quick fixes that don't last","Patiently Strategic","Nelson Mandela"
88,"For any decision, ask 'What will this lead to?' and 'What would happen if we do nothing?'","Questioning & Inquiry","Anytime","5-10 minutes","Easy","Makes better decisions by seeing patterns and consequences others miss","Strategically Thinking","Winston Churchill"
94,"For any goal, ask 'What can I do today to move this forward?' and do it","Questioning & Inquiry","Evening","5-10 minutes","Easy","Actually accomplishes goals instead of just dreaming about them or complaining about problems","Vigorously Acting","Theodore Roosevelt"
25,"Identify what you truly value most and be willing to say no to other things","Questioning & Inquiry","Anytime","5-10 minutes","Easy","Achieves meaningful goals by investing time and energy where it counts most","Sacrificially Focused","Marie Curie"
85,"In any conflict, ask 'What do we all care about?' and build from there","Questioning & Inquiry","Anytime","5-10 minutes","Moderate","Creates stronger movements by including everyone and reduces the enemies you have to face","Unifyingly Leading","Mahatma Gandhi"
99,"In any group conflict, ask 'What do we all want?' and help people focus on common goals","Questioning & Inquiry","Anytime","5-10 minutes","Easy","Creates stronger communities where everyone can contribute and benefit from working together","Unifyingly Building","Martin Luther King Jr."
30,"Keep a learning notebook and practice your most important skills every single day","Writing & Reflection","Evening","10-15 minutes","Moderate","Builds deep expertise over time through consistent practice and careful documentation","Systematically Learning","Leonardo da Vinci"
19,"Keep asking 'How can I explain this more simply?' until a child could understand it","Questioning & Inquiry","Anytime","5-10 minutes","Easy","Finds clear, understandable solutions instead of making things more complicated than necessary","Wonderfully Simple","Albert Einstein"
24,"Keep detailed records of your experiments, decisions, and results for future reference","Decision Making","Anytime","5-10 minutes","Easy","Makes steady progress by building on previous work rather than constantly starting over","Precisely Methodical","Marie Curie"
62,"Keep working toward your goal while watching for the right opportunity to make your move","Observation & Awareness","Work Hours","5-10 minutes","Easy","Achieves lasting change by building support and choosing the best timing for important actions","Patiently Strategic","Abraham Lincoln"
2,"List 10 priorities, then cross out 7. Only work on the remaining 3.","Writing & Reflection","Work Hours","5-10 minutes","Easy","Achieves breakthrough results by putting all energy into what matters most","Focused","Steve Jobs"
15,"Listen first to understand their perspective, then share insights that connect to their experience","Writing & Reflection","Morning","5-10 minutes","Easy","Helps people grow and change through understanding rather than pressure or criticism","Patiently Teaching","Buddha"
38,"Listen first to understand what others really want, then find solutions that work for everyone","Questioning & Inquiry","Morning","5-10 minutes","Easy","Builds better relationships and gets better results by making others feel heard and valued","Diplomatically Wise","Benjamin Franklin"
102,"Look for one way each day to help someone without them knowing it was you","Interpersonal Actions","Evening","5-10 minutes","Easy","Builds meaningful relationships and creates positive change by focusing on others' welfare","Sacrificially Serving","Jesus"
14,"Notice and appreciate simple pleasures like sunshine, good food, or friendly conversation","Speaking & Communication","Evening","5-10 minutes","Easy","Feels grateful and satisfied with life instead of always wanting more","Simply Content","Buddha"
11,"Notice when your mind wanders and gently bring attention back to your breath","Focus & Attention","Mealtime","1-2 minutes","Easy","Reduces stress and anxiety by staying focused on what's actually happening right now","Mindfully Present","Buddha"
110,"Notice your thoughts and feelings throughout the day with curiosity: 'Isn't that interesting...'","Observation & Awareness","Evening","5-10 minutes","Easy","Develops wisdom and emotional intelligence by understanding patterns without harsh self-criticism","Compassionately Aware","Patanjali"
72,"Practice expressing your important beliefs clearly and persuasively through speaking and writing","Speaking & Communication","Anytime","10-15 minutes","Moderate","Creates positive change by communicating truth in ways that move and inspire others","Eloquently Truthful","Frederick Douglass"
63,"Read regularly from diverse sources and ask 'What might I be wrong about?'","Questioning & Inquiry","Anytime","5-10 minutes","Easy","Continuously improves understanding and decision-making by staying open to new information","Humbly Learning","Abraham Lincoln"
71,"Read something challenging every day and actively seek out learning opportunities","Learning & Growth","Evening","5-10 minutes","Easy","Continuously expands opportunities and abilities by developing knowledge and skills","Educationally Liberated","Frederick Douglass"
50,"Read, learn, or develop skills regularly with the goal of serving others better","Interpersonal Actions","Anytime","5-10 minutes","Moderate","Continuously improves abilities and understanding, making you more effective at solving problems","Educationally Growing","Nelson Mandela"
84,"Regularly ask 'Do I really need this?' and give away things that don't serve your mission","Questioning & Inquiry","Anytime","5-10 minutes","Easy","Reduces distractions and connects you with people from all backgrounds","Simply Living","Mahatma Gandhi"
44,"Regularly ask 'How can I use what I have to help others?' and take action on the answer","Questioning & Inquiry","Anytime","5-10 minutes","Easy","Creates lasting positive impact by using talents and resources for the greater good","Humbly Serving","Joan of Arc"
79,"Regularly read, watch, or listen to perspectives from different cultures and backgrounds than your own","Writing & Reflection","Anytime","5-10 minutes","Easy","Makes better decisions and builds better relationships by understanding diverse viewpoints","Globally Learning","Eleanor Roosevelt"
10,"Remember that every answer reveals new questions to explore and understand","Questioning & Inquiry","Anytime","5-10 minutes","Easy","Stays curious and keeps learning instead of thinking you already know everything","Intellectually Humble","Isaac Newton"
60,"Remind yourself 'I deserve respect' and behave in ways that honor your own dignity","Personal Development","Anytime","5-10 minutes","Easy","Builds inner strength and commands respect by demonstrating your inherent worth","Dignifiedly Rising","Maya Angelou"
67,"Remind yourself of your values and keep taking small steps forward every day","Personal Development","Evening","5-10 minutes","Easy","Achieves lasting change by staying committed to principles over time rather than giving up","Dignifiedly Persistent","Rosa Parks"
52,"Say 'I don't know, but I'd like to learn' when you encounter something unfamiliar","Speaking & Communication","Anytime","5-10 minutes","Easy","Keeps learning and growing instead of pretending to know everything and missing opportunities","Humbly Learning","Socrates"
73,"Set high standards for yourself and work consistently toward them regardless of others' opinions","Interpersonal Actions","Work Hours","5-10 minutes","Easy","Builds inner strength and commands respect while inspiring others to believe in their potential","Dignifiedly Rising","Frederick Douglass"
56,"Share something real about your challenges when others are facing similar difficulties","Interpersonal Actions","Anytime","5-10 minutes","Easy","Helps others heal by showing that difficult experiences can be survived and transformed into wisdom","Courageously Truthful","Maya Angelou"
35,"Spend 10 minutes each evening asking 'What did I do well today?' and 'What can I improve?'","Questioning & Inquiry","Evening","3-5 minutes","Easy","Continuously improves by learning from experience rather than repeating mistakes","Reflectively Learning","Marcus Aurelius"
27,"Spend time really looking at things and sketch what you observe to see it clearly","Questioning & Inquiry","Evening","10-15 minutes","Easy","Understands problems and opportunities more completely by noticing important details","Precisely Observant","Leonardo da Vinci"
105,"Start each day with a few minutes of prayer, meditation, or quiet reflection on your purpose","Personal Development","Morning","3-5 minutes","Easy","Maintains inner peace and wisdom by staying connected to deeper purpose and divine guidance","Spiritually Centered","Jesus"
6,"Start with fundamentals, document everything, and build knowledge brick by brick","Personal Development","Morning","5-10 minutes","Moderate","Solves complex problems that seem impossible by breaking them into manageable pieces","Systematically Methodical","Isaac Newton"
70,"Stay polite and respectful while clearly stating your position and refusing to compromise your values","Personal Development","Anytime","5-10 minutes","Easy","Wins respect and creates change by combining kindness with unwavering commitment to what's right","Respectfully Firm","Rosa Parks"
106,"Take 5 minutes daily to sit quietly and observe your thoughts without getting caught up in them","Daily Practices","Anytime","3-5 minutes","Easy","Develops inner peace and clarity by gaining mastery over mental patterns and emotional reactions","Mentally Disciplined","Patanjali"
17,"Take ideas from one area and ask 'How might this apply to something completely different?'","Questioning & Inquiry","Anytime","5-10 minutes","Easy","Combines knowledge in unexpected ways to create breakthrough innovations","Playfully Creative","Albert Einstein"
33,"Take three deep breaths and ask 'What are the facts here?' before responding","Questioning & Inquiry","Mealtime","1-2 minutes","Easy","Makes better decisions by using logic rather than being driven by temporary feelings","Calmly Rational","Marcus Aurelius"
69,"Think ahead about challenges you might face and prepare your response in advance","Personal Development","Anytime","5-10 minutes","Easy","Handles difficult situations better by thinking through challenges before they happen","Prepared and Ready","Rosa Parks"
39,"Try small experiments to test important ideas before making major commitments","Personal Development","Anytime","5-10 minutes","Easy","Avoids big mistakes by testing ideas first and continuously improves by learning from experience","Curiously Scientific","Benjamin Franklin"
16,"Visualize problems as mental movies and play with impossible scenarios to find insights","Personal Development","Anytime","5-10 minutes","Easy","Discovers creative solutions by looking at problems from completely new angles","Imaginatively Curious","Albert Einstein"
89,"When facing a challenge, ask 'Has anything like this happened before?' and learn from it","Questioning & Inquiry","Anytime","5-10 minutes","Easy","Avoids repeating past mistakes and recognizes patterns that help predict outcomes","Historically Learning","Winston Churchill"
91,"When facing a choice, ask 'Which option will make me stronger?' and choose that one","Questioning & Inquiry","Anytime","5-10 minutes","Easy","Builds real strength and character while accomplishing things that matter for the long term","Strenuously Living","Theodore Roosevelt"
95,"When facing a moral choice, ask 'What's the right thing to do?' and do it regardless of cost","Questioning & Inquiry","Anytime","5-10 minutes","Easy","Creates real positive change and earns the respect of people who matter most","Courageously Standing","Theodore Roosevelt"
80,"When facing an important issue, ask 'What do I believe is right?' and act on it despite opposition","Questioning & Inquiry","Anytime","5-10 minutes","Easy","Creates positive change by having the courage to advocate for important principles","Principled Standing","Eleanor Roosevelt"
86,"When facing defeat, ask 'What would happen if we don't keep fighting?' and find one more way to try","Questioning & Inquiry","Mealtime","5-10 minutes","Easy","Overcomes impossible odds and inspires others to keep going when they would otherwise quit","Never Surrendering","Winston Churchill"
78,"When facing disagreement, ask 'What do we both care about?' and start building from there","Questioning & Inquiry","Morning","5-10 minutes","Moderate","Accomplishes more by building coalitions and working together rather than fighting alone","Diplomatically Building","Eleanor Roosevelt"
97,"When facing problems, ask 'What would this look like if it was working perfectly?' and share that vision","Questioning & Inquiry","Work Hours","5-10 minutes","Easy","Inspires people to work for positive change by helping them imagine a better future","Dreamingly Leading","Martin Luther King Jr."
81,"When facing unfairness, ask 'How can I resist this wrong without becoming wrong myself?'","Questioning & Inquiry","Anytime","5-10 minutes","Easy","Creates real change while keeping your moral strength and often winning over opponents","Nonviolently Resisting","Mahatma Gandhi"
83,"When making decisions, ask 'What am I willing to give up to make this right?'","Questioning & Inquiry","Anytime","5-10 minutes","Easy","Inspires others and shows you really mean what you say about your values","Self-Sacrificing","Mahatma Gandhi"
46,"When mistreated, ask 'How can I respond in a way that maintains my dignity and their humanity?'","Questioning & Inquiry","Mealtime","5-10 minutes","Easy","Keeps your integrity intact while inspiring others and potentially changing their hearts and minds","Dignifiedly Resilient","Nelson Mandela"
100,"When progress seems slow, ask 'What small step can I take today?' and trust that small steps add up","Questioning & Inquiry","Evening","5-10 minutes","Easy","Achieves long-term change by not giving up when things get difficult or discouraging","Faithfully Persevering","Martin Luther King Jr."
51,"When someone claims something important, ask 'What evidence supports this?' and 'How do you know?'","Questioning & Inquiry","Anytime","5-10 minutes","Easy","Discovers truth and avoids mistakes by thinking critically instead of following the crowd","Questioningly Curious","Socrates"
59,"When someone faces a challenge you've overcome, share what you learned and how you grew","Questioning & Inquiry","Anytime","5-10 minutes","Easy","Multiplies positive impact by helping others learn from your experiences and wisdom","Wisely Teaching","Maya Angelou"
103,"When someone hurts you, pray for them or wish them well instead of plotting payback","Interpersonal Actions","Anytime","5-10 minutes","Easy","Frees yourself from anger and bitterness while giving others a chance to change and grow","Mercifully Forgiving","Jesus"
96,"When someone treats you badly, ask 'How can I show them love?' and do that instead of revenge","Questioning & Inquiry","Mealtime","5-10 minutes","Easy","Changes people's hearts and minds instead of just making them angrier or more stubborn","Nonviolently Loving","Martin Luther King Jr."
42,"When something needs to be done, volunteer to go first and show others how it's done","Questioning & Inquiry","Morning","5-10 minutes","Easy","Inspires others to be brave and follow by demonstrating courage through action","Fearlessly Leading","Joan of Arc"
76,"When you feel afraid of something important, ask 'What would happen if I tried anyway?' and take one small step","Questioning & Inquiry","Anytime","5-10 minutes","Easy","Builds confidence and abilities by facing fears rather than avoiding challenges","Courageously Growing","Eleanor Roosevelt"
74,"When you see injustice, ask 'What needs to be said?' and find a way to say it respectfully but firmly","Questioning & Inquiry","Anytime","5-10 minutes","Easy","Creates positive change by speaking truth that others are afraid to say","Courageously Speaking","Frederick Douglass"
66,"When you see something wrong, ask 'What small action can I take?' and do it with dignity","Questioning & Inquiry","Anytime","5-10 minutes","Easy","Creates real change through consistent action rather than just talking about problems","Quietly Courageous","Rosa Parks"
93,"When you see unfairness, ask 'How can this be made more fair?' and take action to fix it","Questioning & Inquiry","Anytime","5-10 minutes","Easy","Creates a society where everyone has a fair chance to succeed through their own efforts","Progressively Reforming","Theodore Roosevelt"
98,"When you see unfairness, ask 'What would happen if everyone stayed quiet?' then speak up","Questioning & Inquiry","Anytime","5-10 minutes","Easy","Creates real change by addressing problems that others are afraid to talk about","Justly Standing","Martin Luther King Jr."
9,"Work steadily on important problems, testing and refining until the solution is complete","Personal Development","Work Hours","5-10 minutes","Easy","Creates lasting solutions and discoveries that stand the test of time","Patient Perfectionist","Isaac Newton"
